id_file,hf_source
00000.mp4,train/negative/01924.mp4
00001.mp4,train/negative/01429.mp4
00002.mp4,train/negative/01904.mp4
00003.mp4,train/negative/01486.mp4
00004.mp4,train/negative/01171.mp4
00005.mp4,train/negative/01518.mp4
00006.mp4,train/negative/01889.mp4
00007.mp4,train/negative/01286.mp4
00008.mp4,train/negative/01267.mp4
00009.mp4,train/negative/01802.mp4
00010.mp4,train/negative/01755.mp4
00011.mp4,train/negative/02134.mp4
00012.mp4,train/negative/01076.mp4
00013.mp4,train/negative/01749.mp4
00014.mp4,train/negative/01816.mp4
00015.mp4,train/negative/01052.mp4
00016.mp4,train/negative/01205.mp4
00017.mp4,train/negative/01579.mp4
00018.mp4,train/negative/01973.mp4
00019.mp4,train/negative/01050.mp4
00020.mp4,train/negative/01204.mp4
00021.mp4,train/negative/01505.mp4
00022.mp4,train/negative/01699.mp4
00023.mp4,train/negative/01972.mp4
00024.mp4,train/negative/02083.mp4
00025.mp4,train/negative/01162.mp4
00026.mp4,train/negative/01438.mp4
00027.mp4,train/negative/01457.mp4
00028.mp4,train/negative/01342.mp4
00029.mp4,train/negative/01236.mp4
00030.mp4,train/negative/01303.mp4
00031.mp4,train/negative/01250.mp4
00032.mp4,train/negative/01291.mp4
00033.mp4,train/negative/02013.mp4
00034.mp4,train/negative/01906.mp4
00035.mp4,train/negative/01653.mp4
00036.mp4,train/negative/01405.mp4
00037.mp4,train/negative/01783.mp4
00038.mp4,train/negative/01419.mp4
00039.mp4,train/negative/01276.mp4
00040.mp4,train/negative/01352.mp4
00041.mp4,train/negative/01425.mp4
00042.mp4,train/negative/01797.mp4
00043.mp4,train/negative/01829.mp4
00044.mp4,train/negative/01075.mp4
00045.mp4,train/negative/01869.mp4
00046.mp4,train/negative/01551.mp4
00047.mp4,train/negative/01197.mp4
00048.mp4,train/negative/01468.mp4
00049.mp4,train/negative/02067.mp4
00050.mp4,train/negative/01305.mp4
00051.mp4,train/negative/02026.mp4
00052.mp4,train/negative/02001.mp4
00053.mp4,train/negative/01416.mp4
00054.mp4,train/negative/01719.mp4
00055.mp4,train/negative/01103.mp4
00056.mp4,train/negative/01717.mp4
00057.mp4,train/negative/01943.mp4
00058.mp4,train/negative/01624.mp4
00059.mp4,train/negative/01523.mp4
00060.mp4,train/negative/01322.mp4
00061.mp4,train/negative/01714.mp4
00062.mp4,train/negative/02063.mp4
00063.mp4,train/negative/01728.mp4
00064.mp4,train/negative/02014.mp4
00065.mp4,train/negative/01261.mp4
00066.mp4,train/negative/01932.mp4
00067.mp4,train/negative/02084.mp4
00068.mp4,train/negative/01041.mp4
00069.mp4,train/negative/02011.mp4
00070.mp4,train/negative/01791.mp4
00071.mp4,train/negative/01193.mp4
00072.mp4,train/negative/01609.mp4
00073.mp4,train/negative/02049.mp4
00074.mp4,train/negative/01190.mp4
00075.mp4,train/negative/01698.mp4
00076.mp4,train/negative/02000.mp4
00077.mp4,train/negative/01607.mp4
00078.mp4,train/negative/01801.mp4
00079.mp4,train/negative/01800.mp4
00080.mp4,train/negative/01341.mp4
00081.mp4,train/negative/01268.mp4
00082.mp4,train/negative/01496.mp4
00083.mp4,train/negative/01394.mp4
00084.mp4,train/negative/01138.mp4
00085.mp4,train/negative/01942.mp4
00086.mp4,train/negative/01292.mp4
00087.mp4,train/negative/02139.mp4
00088.mp4,train/negative/01600.mp4
00089.mp4,train/negative/01313.mp4
00090.mp4,train/negative/01988.mp4
00091.mp4,train/negative/01679.mp4
00092.mp4,train/negative/01135.mp4
00093.mp4,train/negative/01321.mp4
00094.mp4,train/negative/02052.mp4
00095.mp4,train/negative/01817.mp4
00096.mp4,train/negative/01219.mp4
00097.mp4,train/negative/02121.mp4
00098.mp4,train/negative/01798.mp4
00099.mp4,train/negative/01601.mp4
00100.mp4,train/negative/01657.mp4
00101.mp4,train/negative/01289.mp4
00102.mp4,train/negative/01953.mp4
00103.mp4,train/negative/01647.mp4
00104.mp4,train/negative/01084.mp4
00105.mp4,train/negative/01928.mp4
00106.mp4,train/negative/01444.mp4
00107.mp4,train/negative/01570.mp4
00108.mp4,train/negative/01578.mp4
00109.mp4,train/negative/01631.mp4
00110.mp4,train/negative/01765.mp4
00111.mp4,train/negative/01812.mp4
00112.mp4,train/negative/01893.mp4
00113.mp4,train/negative/01726.mp4
00114.mp4,train/negative/01526.mp4
00115.mp4,train/negative/01187.mp4
00116.mp4,train/negative/01596.mp4
00117.mp4,train/negative/01278.mp4
00118.mp4,train/negative/02089.mp4
00119.mp4,train/negative/01708.mp4
00120.mp4,train/negative/01465.mp4
00121.mp4,train/negative/01544.mp4
00122.mp4,train/negative/01761.mp4
00123.mp4,train/negative/01070.mp4
00124.mp4,train/negative/01414.mp4
00125.mp4,train/negative/02039.mp4
00126.mp4,train/negative/02046.mp4
00127.mp4,train/negative/01671.mp4
00128.mp4,train/negative/01255.mp4
00129.mp4,train/negative/01963.mp4
00130.mp4,train/negative/01484.mp4
00131.mp4,train/negative/01724.mp4
00132.mp4,train/negative/01824.mp4
00133.mp4,train/negative/01849.mp4
00134.mp4,train/negative/01538.mp4
00135.mp4,train/negative/01420.mp4
00136.mp4,train/negative/01256.mp4
00137.mp4,train/negative/01649.mp4
00138.mp4,train/negative/01839.mp4
00139.mp4,train/negative/01122.mp4
00140.mp4,train/negative/01737.mp4
00141.mp4,train/negative/01390.mp4
00142.mp4,train/negative/01249.mp4
00143.mp4,train/negative/01368.mp4
00144.mp4,train/negative/01871.mp4
00145.mp4,train/negative/01687.mp4
00146.mp4,train/negative/01294.mp4
00147.mp4,train/negative/01987.mp4
00148.mp4,train/negative/01996.mp4
00149.mp4,train/negative/01588.mp4
00150.mp4,train/negative/01752.mp4
00151.mp4,train/negative/02016.mp4
00152.mp4,train/negative/01437.mp4
00153.mp4,train/negative/01723.mp4
00154.mp4,train/negative/01281.mp4
00155.mp4,train/negative/01696.mp4
00156.mp4,train/negative/01950.mp4
00157.mp4,train/negative/01426.mp4
00158.mp4,train/negative/01912.mp4
00159.mp4,train/negative/01767.mp4
00160.mp4,train/negative/01793.mp4
00161.mp4,train/negative/01224.mp4
00162.mp4,train/negative/02040.mp4
00163.mp4,train/negative/01713.mp4
00164.mp4,train/negative/02118.mp4
00165.mp4,train/negative/01640.mp4
00166.mp4,train/negative/01112.mp4
00167.mp4,train/negative/02105.mp4
00168.mp4,train/negative/01159.mp4
00169.mp4,train/negative/01994.mp4
00170.mp4,train/negative/01324.mp4
00171.mp4,train/negative/01887.mp4
00172.mp4,train/negative/01167.mp4
00173.mp4,train/negative/02133.mp4
00174.mp4,train/negative/01383.mp4
00175.mp4,train/negative/02071.mp4
00176.mp4,train/negative/01870.mp4
00177.mp4,train/negative/02055.mp4
00178.mp4,train/negative/02130.mp4
00179.mp4,train/negative/01090.mp4
00180.mp4,train/negative/01299.mp4
00181.mp4,train/negative/01404.mp4
00182.mp4,train/negative/01574.mp4
00183.mp4,train/negative/01395.mp4
00184.mp4,train/negative/01681.mp4
00185.mp4,train/negative/01108.mp4
00186.mp4,train/negative/01811.mp4
00187.mp4,train/negative/01693.mp4
00188.mp4,train/negative/01627.mp4
00189.mp4,train/negative/01098.mp4
00190.mp4,train/negative/01448.mp4
00191.mp4,train/negative/01865.mp4
00192.mp4,train/negative/01374.mp4
00193.mp4,train/negative/01539.mp4
00194.mp4,train/negative/01541.mp4
00195.mp4,train/negative/02115.mp4
00196.mp4,train/negative/01969.mp4
00197.mp4,train/negative/01810.mp4
00198.mp4,train/negative/01242.mp4
00199.mp4,train/negative/01983.mp4
00200.mp4,train/negative/01100.mp4
00201.mp4,train/negative/01900.mp4
00202.mp4,train/negative/01603.mp4
00203.mp4,train/negative/01740.mp4
00204.mp4,train/negative/01517.mp4
00205.mp4,train/negative/02033.mp4
00206.mp4,train/negative/01339.mp4
00207.mp4,train/negative/01298.mp4
00208.mp4,train/negative/01259.mp4
00209.mp4,train/negative/01629.mp4
00210.mp4,train/negative/02069.mp4
00211.mp4,train/negative/01441.mp4
00212.mp4,train/negative/02114.mp4
00213.mp4,train/negative/01908.mp4
00214.mp4,train/negative/02095.mp4
00215.mp4,train/negative/01896.mp4
00216.mp4,train/negative/02075.mp4
00217.mp4,train/negative/01823.mp4
00218.mp4,train/negative/01413.mp4
00219.mp4,train/negative/01669.mp4
00220.mp4,train/negative/01364.mp4
00221.mp4,train/negative/01558.mp4
00222.mp4,train/negative/01235.mp4
00223.mp4,train/negative/01874.mp4
00224.mp4,train/negative/01754.mp4
00225.mp4,train/negative/01461.mp4
00226.mp4,train/negative/01710.mp4
00227.mp4,train/negative/01577.mp4
00228.mp4,train/negative/01081.mp4
00229.mp4,train/negative/01326.mp4
00230.mp4,train/negative/01136.mp4
00231.mp4,train/negative/01954.mp4
00232.mp4,train/negative/01218.mp4
00233.mp4,train/negative/01115.mp4
00234.mp4,train/negative/01114.mp4
00235.mp4,train/negative/01842.mp4
00236.mp4,train/negative/02041.mp4
00237.mp4,train/negative/01605.mp4
00238.mp4,train/negative/01495.mp4
00239.mp4,train/negative/01557.mp4
00240.mp4,train/negative/01234.mp4
00241.mp4,train/negative/01097.mp4
00242.mp4,train/negative/01092.mp4
00243.mp4,train/negative/01583.mp4
00244.mp4,train/negative/01049.mp4
00245.mp4,train/negative/01074.mp4
00246.mp4,train/negative/01611.mp4
00247.mp4,train/negative/01638.mp4
00248.mp4,train/negative/01393.mp4
00249.mp4,train/negative/01564.mp4
00250.mp4,train/negative/01372.mp4
00251.mp4,train/negative/01493.mp4
00252.mp4,train/negative/01069.mp4
00253.mp4,train/negative/02079.mp4
00254.mp4,train/negative/01722.mp4
00255.mp4,train/negative/01848.mp4
00256.mp4,train/negative/01756.mp4
00257.mp4,train/negative/01279.mp4
00258.mp4,train/negative/01521.mp4
00259.mp4,train/negative/01890.mp4
00260.mp4,train/negative/02004.mp4
00261.mp4,train/negative/01323.mp4
00262.mp4,train/negative/01377.mp4
00263.mp4,train/negative/01400.mp4
00264.mp4,train/negative/02006.mp4
00265.mp4,train/negative/02042.mp4
00266.mp4,train/negative/01858.mp4
00267.mp4,train/negative/01781.mp4
00268.mp4,train/negative/02031.mp4
00269.mp4,train/negative/01546.mp4
00270.mp4,train/negative/01528.mp4
00271.mp4,train/negative/01343.mp4
00272.mp4,train/negative/01386.mp4
00273.mp4,train/negative/02070.mp4
00274.mp4,train/negative/01979.mp4
00275.mp4,train/negative/01132.mp4
00276.mp4,train/negative/01176.mp4
00277.mp4,train/negative/01750.mp4
00278.mp4,train/negative/02028.mp4
00279.mp4,train/negative/02003.mp4
00280.mp4,train/negative/01655.mp4
00281.mp4,train/negative/01815.mp4
00282.mp4,train/negative/01121.mp4
00283.mp4,train/negative/01147.mp4
00284.mp4,train/negative/01263.mp4
00285.mp4,train/negative/01415.mp4
00286.mp4,train/negative/01939.mp4
00287.mp4,train/negative/02007.mp4
00288.mp4,train/negative/01536.mp4
00289.mp4,train/negative/01975.mp4
00290.mp4,train/negative/01222.mp4
00291.mp4,train/negative/01211.mp4
00292.mp4,train/negative/01599.mp4
00293.mp4,train/negative/01230.mp4
00294.mp4,train/negative/01566.mp4
00295.mp4,train/negative/01361.mp4
00296.mp4,train/negative/02111.mp4
00297.mp4,train/negative/02002.mp4
00298.mp4,train/negative/01529.mp4
00299.mp4,train/negative/01853.mp4
00300.mp4,train/negative/01172.mp4
00301.mp4,train/negative/02097.mp4
00302.mp4,train/negative/01072.mp4
00303.mp4,train/negative/01272.mp4
00304.mp4,train/negative/01819.mp4
00305.mp4,train/negative/01073.mp4
00306.mp4,train/negative/01806.mp4
00307.mp4,train/negative/01881.mp4
00308.mp4,train/negative/01977.mp4
00309.mp4,train/negative/01191.mp4
00310.mp4,train/negative/01654.mp4
00311.mp4,train/negative/01725.mp4
00312.mp4,train/negative/01678.mp4
00313.mp4,train/negative/01660.mp4
00314.mp4,train/negative/01913.mp4
00315.mp4,train/negative/01733.mp4
00316.mp4,train/negative/01530.mp4
00317.mp4,train/negative/01439.mp4
00318.mp4,train/negative/01265.mp4
00319.mp4,train/negative/01533.mp4
00320.mp4,train/negative/01705.mp4
00321.mp4,train/negative/01042.mp4
00322.mp4,train/negative/01778.mp4
00323.mp4,train/negative/01423.mp4
00324.mp4,train/negative/02108.mp4
00325.mp4,train/negative/01045.mp4
00326.mp4,train/negative/01604.mp4
00327.mp4,train/negative/01206.mp4
00328.mp4,train/negative/01616.mp4
00329.mp4,train/negative/01487.mp4
00330.mp4,train/negative/01768.mp4
00331.mp4,train/negative/01388.mp4
00332.mp4,train/negative/01287.mp4
00333.mp4,train/negative/01477.mp4
00334.mp4,train/negative/01951.mp4
00335.mp4,train/negative/02072.mp4
00336.mp4,train/negative/01617.mp4
00337.mp4,train/negative/01944.mp4
00338.mp4,train/negative/01971.mp4
00339.mp4,train/negative/01165.mp4
00340.mp4,train/negative/01328.mp4
00341.mp4,train/negative/01397.mp4
00342.mp4,train/negative/01840.mp4
00343.mp4,train/negative/01311.mp4
00344.mp4,train/negative/01506.mp4
00345.mp4,train/negative/01195.mp4
00346.mp4,train/negative/01683.mp4
00347.mp4,train/negative/02019.mp4
00348.mp4,train/negative/01634.mp4
00349.mp4,train/negative/01144.mp4
00350.mp4,train/negative/01807.mp4
00351.mp4,train/negative/01102.mp4
00352.mp4,train/negative/01290.mp4
00353.mp4,train/negative/01058.mp4
00354.mp4,train/negative/01525.mp4
00355.mp4,train/negative/01805.mp4
00356.mp4,train/negative/01563.mp4
00357.mp4,train/negative/01071.mp4
00358.mp4,train/negative/01606.mp4
00359.mp4,train/negative/01901.mp4
00360.mp4,train/negative/01926.mp4
00361.mp4,train/negative/01656.mp4
00362.mp4,train/negative/01970.mp4
00363.mp4,train/negative/01488.mp4
00364.mp4,train/negative/01697.mp4
00365.mp4,train/negative/01741.mp4
00366.mp4,train/negative/01910.mp4
00367.mp4,train/negative/01916.mp4
00368.mp4,train/negative/01238.mp4
00369.mp4,train/negative/01350.mp4
00370.mp4,train/negative/01843.mp4
00371.mp4,train/negative/01131.mp4
00372.mp4,train/negative/01494.mp4
00373.mp4,train/negative/01771.mp4
00374.mp4,train/negative/01501.mp4
00375.mp4,train/negative/01507.mp4
00376.mp4,train/negative/02092.mp4
00377.mp4,train/negative/01673.mp4
00378.mp4,train/negative/01822.mp4
00379.mp4,train/negative/01966.mp4
00380.mp4,train/negative/01079.mp4
00381.mp4,train/negative/01491.mp4
00382.mp4,train/negative/01584.mp4
00383.mp4,train/negative/01384.mp4
00384.mp4,train/negative/01921.mp4
00385.mp4,train/negative/01269.mp4
00386.mp4,train/negative/01463.mp4
00387.mp4,train/negative/01772.mp4
00388.mp4,train/negative/02102.mp4
00389.mp4,train/negative/01489.mp4
00390.mp4,train/negative/01109.mp4
00391.mp4,train/negative/01293.mp4
00392.mp4,train/negative/01661.mp4
00393.mp4,train/negative/01229.mp4
00394.mp4,train/negative/01695.mp4
00395.mp4,train/negative/01508.mp4
00396.mp4,train/negative/01639.mp4
00397.mp4,train/negative/01894.mp4
00398.mp4,train/negative/01060.mp4
00399.mp4,train/negative/01680.mp4
00400.mp4,train/negative/01476.mp4
00401.mp4,train/negative/01590.mp4
00402.mp4,train/negative/01470.mp4
00403.mp4,train/negative/01130.mp4
00404.mp4,train/negative/01232.mp4
00405.mp4,train/negative/01964.mp4
00406.mp4,train/negative/02018.mp4
00407.mp4,train/negative/02060.mp4
00408.mp4,train/negative/01922.mp4
00409.mp4,train/negative/01537.mp4
00410.mp4,train/negative/01742.mp4
00411.mp4,train/negative/01747.mp4
00412.mp4,train/negative/01085.mp4
00413.mp4,train/negative/02126.mp4
00414.mp4,train/negative/01066.mp4
00415.mp4,train/negative/02027.mp4
00416.mp4,train/negative/01227.mp4
00417.mp4,train/negative/01960.mp4
00418.mp4,train/negative/01067.mp4
00419.mp4,train/negative/01360.mp4
00420.mp4,train/negative/01568.mp4
00421.mp4,train/negative/01348.mp4
00422.mp4,train/negative/01736.mp4
00423.mp4,train/negative/01213.mp4
00424.mp4,train/negative/02132.mp4
00425.mp4,train/negative/01078.mp4
00426.mp4,train/negative/01980.mp4
00427.mp4,train/negative/01258.mp4
00428.mp4,train/negative/01399.mp4
00429.mp4,train/negative/01844.mp4
00430.mp4,train/negative/01225.mp4
00431.mp4,train/negative/01704.mp4
00432.mp4,train/negative/01952.mp4
00433.mp4,train/negative/01482.mp4
00434.mp4,train/negative/01991.mp4
00435.mp4,train/negative/01780.mp4
00436.mp4,train/negative/01355.mp4
00437.mp4,train/negative/01845.mp4
00438.mp4,train/negative/01707.mp4
00439.mp4,train/negative/01949.mp4
00440.mp4,train/negative/02119.mp4
00441.mp4,train/negative/01446.mp4
00442.mp4,train/negative/01379.mp4
00443.mp4,train/negative/01210.mp4
00444.mp4,train/negative/01662.mp4
00445.mp4,train/negative/01917.mp4
00446.mp4,train/negative/01492.mp4
00447.mp4,train/negative/01739.mp4
00448.mp4,train/negative/01632.mp4
00449.mp4,train/negative/02080.mp4
00450.mp4,train/negative/01214.mp4
00451.mp4,train/negative/01572.mp4
00452.mp4,train/negative/01421.mp4
00453.mp4,train/negative/01317.mp4
00454.mp4,train/negative/01763.mp4
00455.mp4,train/negative/01433.mp4
00456.mp4,train/negative/01266.mp4
00457.mp4,train/negative/01985.mp4
00458.mp4,train/negative/02053.mp4
00459.mp4,train/negative/02066.mp4
00460.mp4,train/negative/01773.mp4
00461.mp4,train/negative/01716.mp4
00462.mp4,train/negative/01860.mp4
00463.mp4,train/negative/01785.mp4
00464.mp4,train/negative/01888.mp4
00465.mp4,train/negative/02059.mp4
00466.mp4,train/negative/01344.mp4
00467.mp4,train/negative/01500.mp4
00468.mp4,train/negative/02085.mp4
00469.mp4,train/negative/02035.mp4
00470.mp4,train/negative/01623.mp4
00471.mp4,train/negative/01088.mp4
00472.mp4,train/negative/01240.mp4
00473.mp4,train/negative/01408.mp4
00474.mp4,train/negative/01770.mp4
00475.mp4,train/negative/01504.mp4
00476.mp4,train/negative/01061.mp4
00477.mp4,train/negative/01270.mp4
00478.mp4,train/negative/01277.mp4
00479.mp4,train/negative/01141.mp4
00480.mp4,train/negative/01748.mp4
00481.mp4,train/negative/01254.mp4
00482.mp4,train/negative/01986.mp4
00483.mp4,train/negative/01548.mp4
00484.mp4,train/negative/02054.mp4
00485.mp4,train/negative/01527.mp4
00486.mp4,train/negative/01357.mp4
00487.mp4,train/negative/01690.mp4
00488.mp4,train/negative/02012.mp4
00489.mp4,train/negative/01760.mp4
00490.mp4,train/negative/01766.mp4
00491.mp4,train/negative/01207.mp4
00492.mp4,train/negative/01435.mp4
00493.mp4,train/negative/01260.mp4
00494.mp4,train/negative/01140.mp4
00495.mp4,train/negative/01134.mp4
00496.mp4,train/negative/01990.mp4
00497.mp4,train/negative/01586.mp4
00498.mp4,train/negative/01666.mp4
00499.mp4,train/negative/01453.mp4
00500.mp4,train/negative/02088.mp4
00501.mp4,train/negative/01332.mp4
00502.mp4,train/negative/01941.mp4
00503.mp4,train/negative/01282.mp4
00504.mp4,train/negative/01694.mp4
00505.mp4,train/negative/02124.mp4
00506.mp4,train/negative/01875.mp4
00507.mp4,train/negative/01706.mp4
00508.mp4,train/negative/01170.mp4
00509.mp4,train/negative/01880.mp4
00510.mp4,train/negative/01729.mp4
00511.mp4,train/negative/01795.mp4
00512.mp4,train/negative/02064.mp4
00513.mp4,train/negative/01096.mp4
00514.mp4,train/negative/01380.mp4
00515.mp4,train/negative/01434.mp4
00516.mp4,train/negative/01664.mp4
00517.mp4,train/negative/01948.mp4
00518.mp4,train/negative/01288.mp4
00519.mp4,train/negative/01976.mp4
00520.mp4,train/negative/01792.mp4
00521.mp4,train/negative/01608.mp4
00522.mp4,train/negative/01503.mp4
00523.mp4,train/negative/02074.mp4
00524.mp4,train/negative/01396.mp4
00525.mp4,train/negative/01645.mp4
00526.mp4,train/negative/02096.mp4
00527.mp4,train/negative/02045.mp4
00528.mp4,train/negative/01542.mp4
00529.mp4,train/negative/01319.mp4
00530.mp4,train/negative/01735.mp4
00531.mp4,train/negative/02136.mp4
00532.mp4,train/negative/01054.mp4
00533.mp4,train/negative/01828.mp4
00534.mp4,train/negative/01417.mp4
00535.mp4,train/negative/02017.mp4
00536.mp4,train/negative/02104.mp4
00537.mp4,train/negative/01510.mp4
00538.mp4,train/negative/01753.mp4
00539.mp4,train/negative/01630.mp4
00540.mp4,train/negative/01116.mp4
00541.mp4,train/negative/02087.mp4
00542.mp4,train/negative/01532.mp4
00543.mp4,train/negative/01043.mp4
00544.mp4,train/negative/01643.mp4
00545.mp4,train/negative/01178.mp4
00546.mp4,train/negative/01612.mp4
00547.mp4,train/negative/01182.mp4
00548.mp4,train/negative/01306.mp4
00549.mp4,train/negative/01878.mp4
00550.mp4,train/negative/02051.mp4
00551.mp4,train/negative/01485.mp4
00552.mp4,train/negative/01866.mp4
00553.mp4,train/negative/02062.mp4
00554.mp4,train/negative/01582.mp4
00555.mp4,train/negative/01315.mp4
00556.mp4,train/negative/01702.mp4
00557.mp4,train/negative/01550.mp4
00558.mp4,train/negative/01128.mp4
00559.mp4,train/negative/01903.mp4
00560.mp4,train/negative/01333.mp4
00561.mp4,train/negative/01621.mp4
00562.mp4,train/negative/01285.mp4
00563.mp4,train/negative/02135.mp4
00564.mp4,train/negative/02024.mp4
00565.mp4,train/negative/01935.mp4
00566.mp4,train/negative/02044.mp4
00567.mp4,train/negative/01934.mp4
00568.mp4,train/negative/01625.mp4
00569.mp4,train/negative/01882.mp4
00570.mp4,train/negative/02034.mp4
00571.mp4,train/negative/01146.mp4
00572.mp4,train/negative/01473.mp4
00573.mp4,train/negative/01545.mp4
00574.mp4,train/negative/01295.mp4
00575.mp4,train/negative/01456.mp4
00576.mp4,train/negative/01967.mp4
00577.mp4,train/negative/02099.mp4
00578.mp4,train/negative/01598.mp4
00579.mp4,train/negative/01354.mp4
00580.mp4,train/negative/01933.mp4
00581.mp4,train/negative/01118.mp4
00582.mp4,train/negative/01262.mp4
00583.mp4,train/negative/01194.mp4
00584.mp4,train/negative/01835.mp4
00585.mp4,train/negative/01411.mp4
00586.mp4,train/negative/01968.mp4
00587.mp4,train/negative/01929.mp4
00588.mp4,train/negative/01879.mp4
00589.mp4,train/negative/01362.mp4
00590.mp4,train/negative/01142.mp4
00591.mp4,train/negative/01382.mp4
00592.mp4,train/negative/01920.mp4
00593.mp4,train/negative/01585.mp4
00594.mp4,train/negative/01955.mp4
00595.mp4,train/negative/01271.mp4
00596.mp4,train/negative/01663.mp4
00597.mp4,train/negative/01554.mp4
00598.mp4,train/negative/01834.mp4
00599.mp4,train/negative/01497.mp4
00600.mp4,train/negative/01936.mp4
00601.mp4,train/negative/01691.mp4
00602.mp4,train/negative/01581.mp4
00603.mp4,train/negative/01095.mp4
00604.mp4,train/negative/01511.mp4
00605.mp4,train/negative/02037.mp4
00606.mp4,train/negative/01995.mp4
00607.mp4,train/negative/01534.mp4
00608.mp4,train/negative/01559.mp4
00609.mp4,train/negative/01846.mp4
00610.mp4,train/negative/01089.mp4
00611.mp4,train/negative/01825.mp4
00612.mp4,train/negative/01732.mp4
00613.mp4,train/negative/02120.mp4
00614.mp4,train/negative/01048.mp4
00615.mp4,train/negative/01899.mp4
00616.mp4,train/negative/01252.mp4
00617.mp4,train/negative/01173.mp4
00618.mp4,train/negative/01401.mp4
00619.mp4,train/negative/01454.mp4
00620.mp4,train/negative/01283.mp4
00621.mp4,train/negative/01157.mp4
00622.mp4,train/negative/01499.mp4
00623.mp4,train/negative/01711.mp4
00624.mp4,train/negative/01925.mp4
00625.mp4,train/negative/01196.mp4
00626.mp4,train/negative/01365.mp4
00627.mp4,train/negative/01646.mp4
00628.mp4,train/negative/01571.mp4
00629.mp4,train/negative/01734.mp4
00630.mp4,train/negative/01821.mp4
00631.mp4,train/negative/01046.mp4
00632.mp4,train/negative/01248.mp4
00633.mp4,train/negative/01062.mp4
00634.mp4,train/negative/01366.mp4
00635.mp4,train/negative/01175.mp4
00636.mp4,train/negative/01552.mp4
00637.mp4,train/negative/01177.mp4
00638.mp4,train/negative/02129.mp4
00639.mp4,train/negative/01961.mp4
00640.mp4,train/negative/01885.mp4
00641.mp4,train/negative/01301.mp4
00642.mp4,train/negative/01789.mp4
00643.mp4,train/negative/01786.mp4
00644.mp4,train/negative/01228.mp4
00645.mp4,train/negative/01431.mp4
00646.mp4,train/negative/01709.mp4
00647.mp4,train/negative/01685.mp4
00648.mp4,train/negative/01580.mp4
00649.mp4,train/negative/01931.mp4
00650.mp4,train/negative/01959.mp4
00651.mp4,train/negative/01318.mp4
00652.mp4,train/negative/01827.mp4
00653.mp4,train/negative/01852.mp4
00654.mp4,train/negative/01519.mp4
00655.mp4,train/negative/01094.mp4
00656.mp4,train/negative/01712.mp4
00657.mp4,train/negative/01338.mp4
00658.mp4,train/negative/01614.mp4
00659.mp4,train/negative/02061.mp4
00660.mp4,train/negative/01464.mp4
00661.mp4,train/negative/01237.mp4
00662.mp4,train/negative/02032.mp4
00663.mp4,train/negative/02117.mp4
00664.mp4,train/negative/01221.mp4
00665.mp4,train/negative/01127.mp4
00666.mp4,train/negative/01864.mp4
00667.mp4,train/negative/01838.mp4
00668.mp4,train/negative/01387.mp4
00669.mp4,train/negative/02090.mp4
00670.mp4,train/negative/01998.mp4
00671.mp4,train/negative/01466.mp4
00672.mp4,train/negative/01462.mp4
00673.mp4,train/negative/01813.mp4
00674.mp4,train/negative/01809.mp4
00675.mp4,train/negative/01620.mp4
00676.mp4,train/negative/02022.mp4
00677.mp4,train/negative/01635.mp4
00678.mp4,train/negative/01436.mp4
00679.mp4,train/negative/01569.mp4
00680.mp4,train/negative/01478.mp4
00681.mp4,train/negative/02128.mp4
00682.mp4,train/negative/01498.mp4
00683.mp4,train/negative/01618.mp4
00684.mp4,train/negative/01445.mp4
00685.mp4,train/negative/01442.mp4
00686.mp4,train/negative/01460.mp4
00687.mp4,train/negative/01145.mp4
00688.mp4,train/negative/01080.mp4
00689.mp4,train/negative/01156.mp4
00690.mp4,train/negative/01796.mp4
00691.mp4,train/negative/01340.mp4
00692.mp4,train/negative/01220.mp4
00693.mp4,train/negative/01540.mp4
00694.mp4,train/negative/01452.mp4
00695.mp4,train/negative/01137.mp4
00696.mp4,train/negative/01209.mp4
00697.mp4,train/negative/01257.mp4
00698.mp4,train/negative/01189.mp4
00699.mp4,train/negative/01779.mp4
00700.mp4,train/negative/01883.mp4
00701.mp4,train/negative/01296.mp4
00702.mp4,train/negative/01459.mp4
00703.mp4,train/negative/01628.mp4
00704.mp4,train/negative/01727.mp4
00705.mp4,train/negative/01593.mp4
00706.mp4,train/negative/01449.mp4
00707.mp4,train/negative/01217.mp4
00708.mp4,train/negative/01682.mp4
00709.mp4,train/negative/01720.mp4
00710.mp4,train/negative/01589.mp4
00711.mp4,train/negative/01490.mp4
00712.mp4,train/negative/01923.mp4
00713.mp4,train/negative/02106.mp4
00714.mp4,train/negative/01111.mp4
00715.mp4,train/negative/01155.mp4
00716.mp4,train/negative/01284.mp4
00717.mp4,train/negative/01440.mp4
00718.mp4,train/negative/01302.mp4
00719.mp4,train/negative/01402.mp4
00720.mp4,train/negative/01946.mp4
00721.mp4,train/negative/02050.mp4
00722.mp4,train/negative/01192.mp4
00723.mp4,train/negative/01153.mp4
00724.mp4,train/negative/01652.mp4
00725.mp4,train/negative/01543.mp4
00726.mp4,train/negative/01307.mp4
00727.mp4,train/negative/01309.mp4
00728.mp4,train/negative/01369.mp4
00729.mp4,train/negative/01535.mp4
00730.mp4,train/negative/01799.mp4
00731.mp4,train/negative/01592.mp4
00732.mp4,train/negative/01514.mp4
00733.mp4,train/negative/01334.mp4
00734.mp4,train/negative/02137.mp4
00735.mp4,train/negative/01918.mp4
00736.mp4,train/negative/02048.mp4
00737.mp4,train/negative/01133.mp4
00738.mp4,train/negative/01597.mp4
00739.mp4,train/negative/01040.mp4
00740.mp4,train/negative/01356.mp4
00741.mp4,train/negative/01872.mp4
00742.mp4,train/negative/01891.mp4
00743.mp4,train/negative/01346.mp4
00744.mp4,train/negative/01989.mp4
00745.mp4,train/negative/01862.mp4
00746.mp4,train/negative/01992.mp4
00747.mp4,train/negative/01622.mp4
00748.mp4,train/negative/02029.mp4
00749.mp4,train/negative/01320.mp4
00750.mp4,train/positive/00822.mp4
00751.mp4,train/positive/00208.mp4
00752.mp4,train/positive/00072.mp4
00753.mp4,train/positive/00128.mp4
00754.mp4,train/positive/00205.mp4
00755.mp4,train/positive/00408.mp4
00756.mp4,train/positive/00948.mp4
00757.mp4,train/positive/00457.mp4
00758.mp4,train/positive/00471.mp4
00759.mp4,train/positive/00900.mp4
00760.mp4,train/positive/00841.mp4
00761.mp4,train/positive/00333.mp4
00762.mp4,train/positive/00564.mp4
00763.mp4,train/positive/00245.mp4
00764.mp4,train/positive/00171.mp4
00765.mp4,train/positive/00795.mp4
00766.mp4,train/positive/00372.mp4
00767.mp4,train/positive/00938.mp4
00768.mp4,train/positive/00884.mp4
00769.mp4,train/positive/00641.mp4
00770.mp4,train/positive/00010.mp4
00771.mp4,train/positive/00927.mp4
00772.mp4,train/positive/00378.mp4
00773.mp4,train/positive/00238.mp4
00774.mp4,train/positive/00313.mp4
00775.mp4,train/positive/00876.mp4
00776.mp4,train/positive/00098.mp4
00777.mp4,train/positive/00516.mp4
00778.mp4,train/positive/00357.mp4
00779.mp4,train/positive/00903.mp4
00780.mp4,train/positive/00880.mp4
00781.mp4,train/positive/00558.mp4
00782.mp4,train/positive/00291.mp4
00783.mp4,train/positive/00977.mp4
00784.mp4,train/positive/00100.mp4
00785.mp4,train/positive/00765.mp4
00786.mp4,train/positive/01022.mp4
00787.mp4,train/positive/00042.mp4
00788.mp4,train/positive/00286.mp4
00789.mp4,train/positive/00858.mp4
00790.mp4,train/positive/00629.mp4
00791.mp4,train/positive/00145.mp4
00792.mp4,train/positive/01033.mp4
00793.mp4,train/positive/00292.mp4
00794.mp4,train/positive/00611.mp4
00795.mp4,train/positive/01016.mp4
00796.mp4,train/positive/00336.mp4
00797.mp4,train/positive/00168.mp4
00798.mp4,train/positive/00600.mp4
00799.mp4,train/positive/00473.mp4
00800.mp4,train/positive/00515.mp4
00801.mp4,train/positive/00058.mp4
00802.mp4,train/positive/00348.mp4
00803.mp4,train/positive/00487.mp4
00804.mp4,train/positive/00335.mp4
00805.mp4,train/positive/00029.mp4
00806.mp4,train/positive/00960.mp4
00807.mp4,train/positive/00980.mp4
00808.mp4,train/positive/00148.mp4
00809.mp4,train/positive/00301.mp4
00810.mp4,train/positive/00702.mp4
00811.mp4,train/positive/00819.mp4
00812.mp4,train/positive/00459.mp4
00813.mp4,train/positive/00529.mp4
00814.mp4,train/positive/00425.mp4
00815.mp4,train/positive/00006.mp4
00816.mp4,train/positive/00617.mp4
00817.mp4,train/positive/00705.mp4
00818.mp4,train/positive/00083.mp4
00819.mp4,train/positive/00032.mp4
00820.mp4,train/positive/00861.mp4
00821.mp4,train/positive/00723.mp4
00822.mp4,train/positive/00851.mp4
00823.mp4,train/positive/00370.mp4
00824.mp4,train/positive/00355.mp4
00825.mp4,train/positive/00375.mp4
00826.mp4,train/positive/00437.mp4
00827.mp4,train/positive/00477.mp4
00828.mp4,train/positive/00077.mp4
00829.mp4,train/positive/00068.mp4
00830.mp4,train/positive/00986.mp4
00831.mp4,train/positive/00587.mp4
00832.mp4,train/positive/01037.mp4
00833.mp4,train/positive/00109.mp4
00834.mp4,train/positive/00498.mp4
00835.mp4,train/positive/00312.mp4
00836.mp4,train/positive/00673.mp4
00837.mp4,train/positive/00440.mp4
00838.mp4,train/positive/00614.mp4
00839.mp4,train/positive/00963.mp4
00840.mp4,train/positive/00450.mp4
00841.mp4,train/positive/00435.mp4
00842.mp4,train/positive/00201.mp4
00843.mp4,train/positive/00441.mp4
00844.mp4,train/positive/00300.mp4
00845.mp4,train/positive/00847.mp4
00846.mp4,train/positive/00901.mp4
00847.mp4,train/positive/00651.mp4
00848.mp4,train/positive/00056.mp4
00849.mp4,train/positive/00604.mp4
00850.mp4,train/positive/00164.mp4
00851.mp4,train/positive/00423.mp4
00852.mp4,train/positive/00410.mp4
00853.mp4,train/positive/00998.mp4
00854.mp4,train/positive/00190.mp4
00855.mp4,train/positive/00223.mp4
00856.mp4,train/positive/00284.mp4
00857.mp4,train/positive/00373.mp4
00858.mp4,train/positive/00260.mp4
00859.mp4,train/positive/00037.mp4
00860.mp4,train/positive/00340.mp4
00861.mp4,train/positive/00890.mp4
00862.mp4,train/positive/00371.mp4
00863.mp4,train/positive/00434.mp4
00864.mp4,train/positive/00206.mp4
00865.mp4,train/positive/00665.mp4
00866.mp4,train/positive/00401.mp4
00867.mp4,train/positive/00885.mp4
00868.mp4,train/positive/00985.mp4
00869.mp4,train/positive/00635.mp4
00870.mp4,train/positive/00099.mp4
00871.mp4,train/positive/00123.mp4
00872.mp4,train/positive/00771.mp4
00873.mp4,train/positive/00455.mp4
00874.mp4,train/positive/00677.mp4
00875.mp4,train/positive/00810.mp4
00876.mp4,train/positive/00181.mp4
00877.mp4,train/positive/00547.mp4
00878.mp4,train/positive/00695.mp4
00879.mp4,train/positive/00079.mp4
00880.mp4,train/positive/00334.mp4
00881.mp4,train/positive/00751.mp4
00882.mp4,train/positive/00430.mp4
00883.mp4,train/positive/00461.mp4
00884.mp4,train/positive/00940.mp4
00885.mp4,train/positive/00381.mp4
00886.mp4,train/positive/00460.mp4
00887.mp4,train/positive/00090.mp4
00888.mp4,train/positive/00645.mp4
00889.mp4,train/positive/00132.mp4
00890.mp4,train/positive/01036.mp4
00891.mp4,train/positive/00605.mp4
00892.mp4,train/positive/00040.mp4
00893.mp4,train/positive/00719.mp4
00894.mp4,train/positive/00813.mp4
00895.mp4,train/positive/00295.mp4
00896.mp4,train/positive/00773.mp4
00897.mp4,train/positive/00656.mp4
00898.mp4,train/positive/00589.mp4
00899.mp4,train/positive/00588.mp4
00900.mp4,train/positive/00540.mp4
00901.mp4,train/positive/00557.mp4
00902.mp4,train/positive/00704.mp4
00903.mp4,train/positive/00563.mp4
00904.mp4,train/positive/01000.mp4
00905.mp4,train/positive/00949.mp4
00906.mp4,train/positive/00179.mp4
00907.mp4,train/positive/00591.mp4
00908.mp4,train/positive/00755.mp4
00909.mp4,train/positive/00932.mp4
00910.mp4,train/positive/00021.mp4
00911.mp4,train/positive/00727.mp4
00912.mp4,train/positive/00263.mp4
00913.mp4,train/positive/00921.mp4
00914.mp4,train/positive/00833.mp4
00915.mp4,train/positive/00066.mp4
00916.mp4,train/positive/00431.mp4
00917.mp4,train/positive/00152.mp4
00918.mp4,train/positive/00577.mp4
00919.mp4,train/positive/00845.mp4
00920.mp4,train/positive/00776.mp4
00921.mp4,train/positive/00520.mp4
00922.mp4,train/positive/00761.mp4
00923.mp4,train/positive/00590.mp4
00924.mp4,train/positive/00802.mp4
00925.mp4,train/positive/00666.mp4
00926.mp4,train/positive/00791.mp4
00927.mp4,train/positive/00699.mp4
00928.mp4,train/positive/00868.mp4
00929.mp4,train/positive/00005.mp4
00930.mp4,train/positive/00004.mp4
00931.mp4,train/positive/00877.mp4
00932.mp4,train/positive/00319.mp4
00933.mp4,train/positive/00668.mp4
00934.mp4,train/positive/00209.mp4
00935.mp4,train/positive/00111.mp4
00936.mp4,train/positive/00202.mp4
00937.mp4,train/positive/00506.mp4
00938.mp4,train/positive/00354.mp4
00939.mp4,train/positive/00730.mp4
00940.mp4,train/positive/00731.mp4
00941.mp4,train/positive/00961.mp4
00942.mp4,train/positive/00601.mp4
00943.mp4,train/positive/00255.mp4
00944.mp4,train/positive/00031.mp4
00945.mp4,train/positive/00683.mp4
00946.mp4,train/positive/00936.mp4
00947.mp4,train/positive/00598.mp4
00948.mp4,train/positive/00343.mp4
00949.mp4,train/positive/00318.mp4
00950.mp4,train/positive/00671.mp4
00951.mp4,train/positive/00175.mp4
00952.mp4,train/positive/00955.mp4
00953.mp4,train/positive/00834.mp4
00954.mp4,train/positive/00603.mp4
00955.mp4,train/positive/00240.mp4
00956.mp4,train/positive/00388.mp4
00957.mp4,train/positive/00843.mp4
00958.mp4,train/positive/00887.mp4
00959.mp4,train/positive/01019.mp4
00960.mp4,train/positive/00722.mp4
00961.mp4,train/positive/00904.mp4
00962.mp4,train/positive/00785.mp4
00963.mp4,train/positive/00014.mp4
00964.mp4,train/positive/00593.mp4
00965.mp4,train/positive/00869.mp4
00966.mp4,train/positive/00015.mp4
00967.mp4,train/positive/00621.mp4
00968.mp4,train/positive/00049.mp4
00969.mp4,train/positive/01003.mp4
00970.mp4,train/positive/00167.mp4
00971.mp4,train/positive/00669.mp4
00972.mp4,train/positive/00117.mp4
00973.mp4,train/positive/00690.mp4
00974.mp4,train/positive/00494.mp4
00975.mp4,train/positive/00857.mp4
00976.mp4,train/positive/00599.mp4
00977.mp4,train/positive/00235.mp4
00978.mp4,train/positive/00369.mp4
00979.mp4,train/positive/00057.mp4
00980.mp4,train/positive/00071.mp4
00981.mp4,train/positive/00026.mp4
00982.mp4,train/positive/00729.mp4
00983.mp4,train/positive/00897.mp4
00984.mp4,train/positive/00856.mp4
00985.mp4,train/positive/00607.mp4
00986.mp4,train/positive/00947.mp4
00987.mp4,train/positive/00902.mp4
00988.mp4,train/positive/00622.mp4
00989.mp4,train/positive/00854.mp4
00990.mp4,train/positive/00643.mp4
00991.mp4,train/positive/00013.mp4
00992.mp4,train/positive/00562.mp4
00993.mp4,train/positive/00976.mp4
00994.mp4,train/positive/00298.mp4
00995.mp4,train/positive/01013.mp4
00996.mp4,train/positive/00881.mp4
00997.mp4,train/positive/00131.mp4
00998.mp4,train/positive/00469.mp4
00999.mp4,train/positive/00214.mp4
01000.mp4,train/positive/00831.mp4
01001.mp4,train/positive/00173.mp4
01002.mp4,train/positive/00124.mp4
01003.mp4,train/positive/00543.mp4
01004.mp4,train/positive/00108.mp4
01005.mp4,train/positive/00777.mp4
01006.mp4,train/positive/01035.mp4
01007.mp4,train/positive/00882.mp4
01008.mp4,train/positive/00745.mp4
01009.mp4,train/positive/00664.mp4
01010.mp4,train/positive/00216.mp4
01011.mp4,train/positive/00158.mp4
01012.mp4,train/positive/00889.mp4
01013.mp4,train/positive/00151.mp4
01014.mp4,train/positive/00586.mp4
01015.mp4,train/positive/00189.mp4
01016.mp4,train/positive/00155.mp4
01017.mp4,train/positive/00694.mp4
01018.mp4,train/positive/00638.mp4
01019.mp4,train/positive/00891.mp4
01020.mp4,train/positive/00226.mp4
01021.mp4,train/positive/00965.mp4
01022.mp4,train/positive/00667.mp4
01023.mp4,train/positive/00991.mp4
01024.mp4,train/positive/00538.mp4
01025.mp4,train/positive/00330.mp4
01026.mp4,train/positive/00763.mp4
01027.mp4,train/positive/00105.mp4
01028.mp4,train/positive/01011.mp4
01029.mp4,train/positive/00320.mp4
01030.mp4,train/positive/00141.mp4
01031.mp4,train/positive/00783.mp4
01032.mp4,train/positive/00630.mp4
01033.mp4,train/positive/00709.mp4
01034.mp4,train/positive/00931.mp4
01035.mp4,train/positive/00682.mp4
01036.mp4,train/positive/00184.mp4
01037.mp4,train/positive/00580.mp4
01038.mp4,train/positive/00044.mp4
01039.mp4,train/positive/00910.mp4
01040.mp4,train/positive/00978.mp4
01041.mp4,train/positive/00225.mp4
01042.mp4,train/positive/00913.mp4
01043.mp4,train/positive/00928.mp4
01044.mp4,train/positive/00639.mp4
01045.mp4,train/positive/00873.mp4
01046.mp4,train/positive/00310.mp4
01047.mp4,train/positive/00061.mp4
01048.mp4,train/positive/00995.mp4
01049.mp4,train/positive/00937.mp4
01050.mp4,train/positive/00528.mp4
01051.mp4,train/positive/00943.mp4
01052.mp4,train/positive/00618.mp4
01053.mp4,train/positive/00493.mp4
01054.mp4,train/positive/00602.mp4
01055.mp4,train/positive/00149.mp4
01056.mp4,train/positive/00324.mp4
01057.mp4,train/positive/00688.mp4
01058.mp4,train/positive/00237.mp4
01059.mp4,train/positive/00064.mp4
01060.mp4,train/positive/00488.mp4
01061.mp4,train/positive/00380.mp4
01062.mp4,train/positive/00387.mp4
01063.mp4,train/positive/00657.mp4
01064.mp4,train/positive/00144.mp4
01065.mp4,train/positive/00670.mp4
01066.mp4,train/positive/00467.mp4
01067.mp4,train/positive/00289.mp4
01068.mp4,train/positive/00697.mp4
01069.mp4,train/positive/00967.mp4
01070.mp4,train/positive/00110.mp4
01071.mp4,train/positive/00019.mp4
01072.mp4,train/positive/00022.mp4
01073.mp4,train/positive/00898.mp4
01074.mp4,train/positive/00417.mp4
01075.mp4,train/positive/00270.mp4
01076.mp4,train/positive/00251.mp4
01077.mp4,train/positive/00918.mp4
01078.mp4,train/positive/00970.mp4
01079.mp4,train/positive/01024.mp4
01080.mp4,train/positive/00143.mp4
01081.mp4,train/positive/00742.mp4
01082.mp4,train/positive/00016.mp4
01083.mp4,train/positive/00036.mp4
01084.mp4,train/positive/00503.mp4
01085.mp4,train/positive/00084.mp4
01086.mp4,train/positive/00046.mp4
01087.mp4,train/positive/00762.mp4
01088.mp4,train/positive/00102.mp4
01089.mp4,train/positive/00254.mp4
01090.mp4,train/positive/00122.mp4
01091.mp4,train/positive/00376.mp4
01092.mp4,train/positive/01031.mp4
01093.mp4,train/positive/00411.mp4
01094.mp4,train/positive/00405.mp4
01095.mp4,train/positive/00166.mp4
01096.mp4,train/positive/00642.mp4
01097.mp4,train/positive/00707.mp4
01098.mp4,train/positive/00308.mp4
01099.mp4,train/positive/00135.mp4
01100.mp4,train/positive/00691.mp4
01101.mp4,train/positive/00085.mp4
01102.mp4,train/positive/00059.mp4
01103.mp4,train/positive/00217.mp4
01104.mp4,train/positive/00644.mp4
01105.mp4,train/positive/00418.mp4
01106.mp4,train/positive/00584.mp4
01107.mp4,train/positive/00082.mp4
01108.mp4,train/positive/00823.mp4
01109.mp4,train/positive/00983.mp4
01110.mp4,train/positive/00754.mp4
01111.mp4,train/positive/00820.mp4
01112.mp4,train/positive/00703.mp4
01113.mp4,train/positive/00133.mp4
01114.mp4,train/positive/00282.mp4
01115.mp4,train/positive/00194.mp4
01116.mp4,train/positive/01039.mp4
01117.mp4,train/positive/00395.mp4
01118.mp4,train/positive/00180.mp4
01119.mp4,train/positive/00909.mp4
01120.mp4,train/positive/00769.mp4
01121.mp4,train/positive/00594.mp4
01122.mp4,train/positive/00784.mp4
01123.mp4,train/positive/00827.mp4
01124.mp4,train/positive/00828.mp4
01125.mp4,train/positive/00570.mp4
01126.mp4,train/positive/00715.mp4
01127.mp4,train/positive/00195.mp4
01128.mp4,train/positive/00565.mp4
01129.mp4,train/positive/00429.mp4
01130.mp4,train/positive/00496.mp4
01131.mp4,train/positive/00968.mp4
01132.mp4,train/positive/00331.mp4
01133.mp4,train/positive/00661.mp4
01134.mp4,train/positive/00063.mp4
01135.mp4,train/positive/00546.mp4
01136.mp4,train/positive/00078.mp4
01137.mp4,train/positive/00735.mp4
01138.mp4,train/positive/00269.mp4
01139.mp4,train/positive/00294.mp4
01140.mp4,train/positive/00997.mp4
01141.mp4,train/positive/00838.mp4
01142.mp4,train/positive/00658.mp4
01143.mp4,train/positive/00138.mp4
01144.mp4,train/positive/00608.mp4
01145.mp4,train/positive/00023.mp4
01146.mp4,train/positive/00224.mp4
01147.mp4,train/positive/00160.mp4
01148.mp4,train/positive/00626.mp4
01149.mp4,train/positive/00244.mp4
01150.mp4,train/positive/00623.mp4
01151.mp4,train/positive/00444.mp4
01152.mp4,train/positive/00393.mp4
01153.mp4,train/positive/00872.mp4
01154.mp4,train/positive/00443.mp4
01155.mp4,train/positive/00000.mp4
01156.mp4,train/positive/00349.mp4
01157.mp4,train/positive/00466.mp4
01158.mp4,train/positive/00283.mp4
01159.mp4,train/positive/00449.mp4
01160.mp4,train/positive/00517.mp4
01161.mp4,train/positive/00740.mp4
01162.mp4,train/positive/00640.mp4
01163.mp4,train/positive/00911.mp4
01164.mp4,train/positive/00522.mp4
01165.mp4,train/positive/00958.mp4
01166.mp4,train/positive/00747.mp4
01167.mp4,train/positive/00252.mp4
01168.mp4,train/positive/00366.mp4
01169.mp4,train/positive/00177.mp4
01170.mp4,train/positive/00361.mp4
01171.mp4,train/positive/00060.mp4
01172.mp4,train/positive/00407.mp4
01173.mp4,train/positive/00966.mp4
01174.mp4,train/positive/00567.mp4
01175.mp4,train/positive/00737.mp4
01176.mp4,train/positive/00228.mp4
01177.mp4,train/positive/00573.mp4
01178.mp4,train/positive/00895.mp4
01179.mp4,train/positive/00774.mp4
01180.mp4,train/positive/00678.mp4
01181.mp4,train/positive/00824.mp4
01182.mp4,train/positive/00345.mp4
01183.mp4,train/positive/00818.mp4
01184.mp4,train/positive/00866.mp4
01185.mp4,train/positive/00788.mp4
01186.mp4,train/positive/00556.mp4
01187.mp4,train/positive/00875.mp4
01188.mp4,train/positive/00317.mp4
01189.mp4,train/positive/00915.mp4
01190.mp4,train/positive/00106.mp4
01191.mp4,train/positive/00675.mp4
01192.mp4,train/positive/00714.mp4
01193.mp4,train/positive/00392.mp4
01194.mp4,train/positive/00846.mp4
01195.mp4,train/positive/00527.mp4
01196.mp4,train/positive/00130.mp4
01197.mp4,train/positive/00512.mp4
01198.mp4,train/positive/00957.mp4
01199.mp4,train/positive/00836.mp4
01200.mp4,train/positive/00329.mp4
01201.mp4,train/positive/00906.mp4
01202.mp4,train/positive/00805.mp4
01203.mp4,train/positive/00453.mp4
01204.mp4,train/positive/00926.mp4
01205.mp4,train/positive/00692.mp4
01206.mp4,train/positive/00125.mp4
01207.mp4,train/positive/00097.mp4
01208.mp4,train/positive/00247.mp4
01209.mp4,train/positive/00398.mp4
01210.mp4,train/positive/00655.mp4
01211.mp4,train/positive/00018.mp4
01212.mp4,train/positive/00344.mp4
01213.mp4,train/positive/00990.mp4
01214.mp4,train/positive/00917.mp4
01215.mp4,train/positive/00568.mp4
01216.mp4,train/positive/00311.mp4
01217.mp4,train/positive/00739.mp4
01218.mp4,train/positive/00039.mp4
01219.mp4,train/positive/00865.mp4
01220.mp4,train/positive/00427.mp4
01221.mp4,train/positive/01002.mp4
01222.mp4,train/positive/00636.mp4
01223.mp4,train/positive/00416.mp4
01224.mp4,train/positive/00539.mp4
01225.mp4,train/positive/00809.mp4
01226.mp4,train/positive/00830.mp4
01227.mp4,train/positive/00832.mp4
01228.mp4,train/positive/00863.mp4
01229.mp4,train/positive/00483.mp4
01230.mp4,train/positive/00491.mp4
01231.mp4,train/positive/00024.mp4
01232.mp4,train/positive/00363.mp4
01233.mp4,train/positive/00581.mp4
01234.mp4,train/positive/00606.mp4
01235.mp4,train/positive/00789.mp4
01236.mp4,train/positive/00627.mp4
01237.mp4,train/positive/00741.mp4
01238.mp4,train/positive/00495.mp4
01239.mp4,train/positive/00287.mp4
01240.mp4,train/positive/00458.mp4
01241.mp4,train/positive/00526.mp4
01242.mp4,train/positive/00713.mp4
01243.mp4,train/positive/00859.mp4
01244.mp4,train/positive/00089.mp4
01245.mp4,train/positive/00342.mp4
01246.mp4,train/positive/00596.mp4
01247.mp4,train/positive/00339.mp4
01248.mp4,train/positive/01028.mp4
01249.mp4,train/positive/00972.mp4
01250.mp4,train/positive/00700.mp4
01251.mp4,train/positive/00624.mp4
01252.mp4,train/positive/00923.mp4
01253.mp4,train/positive/01012.mp4
01254.mp4,train/positive/00153.mp4
01255.mp4,train/positive/00341.mp4
01256.mp4,train/positive/00579.mp4
01257.mp4,train/positive/00234.mp4
01258.mp4,train/positive/00583.mp4
01259.mp4,train/positive/00456.mp4
01260.mp4,train/positive/00095.mp4
01261.mp4,train/positive/00424.mp4
01262.mp4,train/positive/00041.mp4
01263.mp4,train/positive/00988.mp4
01264.mp4,train/positive/00981.mp4
01265.mp4,train/positive/00142.mp4
01266.mp4,train/positive/00835.mp4
01267.mp4,train/positive/00650.mp4
01268.mp4,train/positive/00276.mp4
01269.mp4,train/positive/00849.mp4
01270.mp4,train/positive/00232.mp4
01271.mp4,train/positive/00147.mp4
01272.mp4,train/positive/00744.mp4
01273.mp4,train/positive/00351.mp4
01274.mp4,train/positive/00609.mp4
01275.mp4,train/positive/00403.mp4
01276.mp4,train/positive/00793.mp4
01277.mp4,train/positive/00693.mp4
01278.mp4,train/positive/00103.mp4
01279.mp4,train/positive/00129.mp4
01280.mp4,train/positive/00275.mp4
01281.mp4,train/positive/00633.mp4
01282.mp4,train/positive/00172.mp4
01283.mp4,train/positive/00571.mp4
01284.mp4,train/positive/00027.mp4
01285.mp4,train/positive/00307.mp4
01286.mp4,train/positive/00264.mp4
01287.mp4,train/positive/00136.mp4
01288.mp4,train/positive/00816.mp4
01289.mp4,train/positive/00959.mp4
01290.mp4,train/positive/00047.mp4
01291.mp4,train/positive/00551.mp4
01292.mp4,train/positive/00549.mp4
01293.mp4,train/positive/00296.mp4
01294.mp4,train/positive/00096.mp4
01295.mp4,train/positive/00734.mp4
01296.mp4,train/positive/00480.mp4
01297.mp4,train/positive/00864.mp4
01298.mp4,train/positive/00674.mp4
01299.mp4,train/positive/00017.mp4
01300.mp4,train/positive/00935.mp4
01301.mp4,train/positive/00475.mp4
01302.mp4,train/positive/00188.mp4
01303.mp4,train/positive/00302.mp4
01304.mp4,train/positive/00634.mp4
01305.mp4,train/positive/00701.mp4
01306.mp4,train/positive/00637.mp4
01307.mp4,train/positive/00758.mp4
01308.mp4,train/positive/00163.mp4
01309.mp4,train/positive/00502.mp4
01310.mp4,train/positive/00652.mp4
01311.mp4,train/positive/00825.mp4
01312.mp4,train/positive/00119.mp4
01313.mp4,train/positive/00303.mp4
01314.mp4,train/positive/00929.mp4
01315.mp4,train/positive/01004.mp4
01316.mp4,train/positive/00288.mp4
01317.mp4,train/positive/00065.mp4
01318.mp4,train/positive/00782.mp4
01319.mp4,train/positive/00748.mp4
01320.mp4,train/positive/00364.mp4
01321.mp4,train/positive/00048.mp4
01322.mp4,train/positive/00210.mp4
01323.mp4,train/positive/00321.mp4
01324.mp4,train/positive/00426.mp4
01325.mp4,train/positive/00553.mp4
01326.mp4,train/positive/00916.mp4
01327.mp4,train/positive/00478.mp4
01328.mp4,train/positive/00944.mp4
01329.mp4,train/positive/00327.mp4
01330.mp4,train/positive/00187.mp4
01331.mp4,train/positive/00534.mp4
01332.mp4,train/positive/00686.mp4
01333.mp4,train/positive/00256.mp4
01334.mp4,train/positive/00452.mp4
01335.mp4,train/positive/00867.mp4
01336.mp4,train/positive/00554.mp4
01337.mp4,train/positive/00093.mp4
01338.mp4,train/positive/00860.mp4
01339.mp4,train/positive/00798.mp4
01340.mp4,train/positive/00971.mp4
01341.mp4,train/positive/01020.mp4
01342.mp4,train/positive/00222.mp4
01343.mp4,train/positive/00766.mp4
01344.mp4,train/positive/00259.mp4
01345.mp4,train/positive/00660.mp4
01346.mp4,train/positive/00687.mp4
01347.mp4,train/positive/00414.mp4
01348.mp4,train/positive/00725.mp4
01349.mp4,train/positive/00360.mp4
01350.mp4,train/positive/00803.mp4
01351.mp4,train/positive/00942.mp4
01352.mp4,train/positive/00233.mp4
01353.mp4,train/positive/00285.mp4
01354.mp4,train/positive/00839.mp4
01355.mp4,train/positive/00698.mp4
01356.mp4,train/positive/00905.mp4
01357.mp4,train/positive/00464.mp4
01358.mp4,train/positive/00787.mp4
01359.mp4,train/positive/00497.mp4
01360.mp4,train/positive/00485.mp4
01361.mp4,train/positive/00358.mp4
01362.mp4,train/positive/00792.mp4
01363.mp4,train/positive/00653.mp4
01364.mp4,train/positive/00566.mp4
01365.mp4,train/positive/00996.mp4
01366.mp4,train/positive/00912.mp4
01367.mp4,train/positive/00290.mp4
01368.mp4,train/positive/00169.mp4
01369.mp4,train/positive/00817.mp4
01370.mp4,train/positive/00028.mp4
01371.mp4,train/positive/00647.mp4
01372.mp4,train/positive/00521.mp4
01373.mp4,train/positive/00979.mp4
01374.mp4,train/positive/00850.mp4
01375.mp4,train/positive/00712.mp4
01376.mp4,train/positive/01034.mp4
01377.mp4,train/positive/00982.mp4
01378.mp4,train/positive/00952.mp4
01379.mp4,train/positive/00054.mp4
01380.mp4,train/positive/00003.mp4
01381.mp4,train/positive/00953.mp4
01382.mp4,train/positive/00008.mp4
01383.mp4,train/positive/00964.mp4
01384.mp4,train/positive/00663.mp4
01385.mp4,train/positive/00542.mp4
01386.mp4,train/positive/00804.mp4
01387.mp4,train/positive/00696.mp4
01388.mp4,train/positive/00794.mp4
01389.mp4,train/positive/00328.mp4
01390.mp4,train/positive/00433.mp4
01391.mp4,train/positive/00625.mp4
01392.mp4,train/positive/00757.mp4
01393.mp4,train/positive/00560.mp4
01394.mp4,train/positive/00574.mp4
01395.mp4,train/positive/00081.mp4
01396.mp4,train/positive/00914.mp4
01397.mp4,train/positive/00750.mp4
01398.mp4,train/positive/00753.mp4
01399.mp4,train/positive/00613.mp4
01400.mp4,train/positive/00383.mp4
01401.mp4,train/positive/00481.mp4
01402.mp4,train/positive/00415.mp4
01403.mp4,train/positive/00840.mp4
01404.mp4,train/positive/00585.mp4
01405.mp4,train/positive/00114.mp4
01406.mp4,train/positive/00930.mp4
01407.mp4,train/positive/00162.mp4
01408.mp4,train/positive/00592.mp4
01409.mp4,train/positive/00780.mp4
01410.mp4,train/positive/00200.mp4
01411.mp4,train/positive/00356.mp4
01412.mp4,train/positive/00362.mp4
01413.mp4,train/positive/00874.mp4
01414.mp4,train/positive/00174.mp4
01415.mp4,train/positive/00239.mp4
01416.mp4,train/positive/00659.mp4
01417.mp4,train/positive/00945.mp4
01418.mp4,train/positive/00213.mp4
01419.mp4,train/positive/00888.mp4
01420.mp4,train/positive/00353.mp4
01421.mp4,train/positive/01008.mp4
01422.mp4,train/positive/00879.mp4
01423.mp4,train/positive/00207.mp4
01424.mp4,train/positive/00842.mp4
01425.mp4,train/positive/00973.mp4
01426.mp4,train/positive/00954.mp4
01427.mp4,train/positive/00733.mp4
01428.mp4,train/positive/00597.mp4
01429.mp4,train/positive/00896.mp4
01430.mp4,train/positive/00684.mp4
01431.mp4,train/positive/00544.mp4
01432.mp4,train/positive/00883.mp4
01433.mp4,train/positive/00170.mp4
01434.mp4,train/positive/00648.mp4
01435.mp4,train/positive/00710.mp4
01436.mp4,train/positive/00505.mp4
01437.mp4,train/positive/00989.mp4
01438.mp4,train/positive/00610.mp4
01439.mp4,train/positive/00382.mp4
01440.mp4,train/positive/00501.mp4
01441.mp4,train/positive/00074.mp4
01442.mp4,train/positive/00236.mp4
01443.mp4,train/positive/00510.mp4
01444.mp4,train/positive/00086.mp4
01445.mp4,train/positive/00326.mp4
01446.mp4,train/positive/00266.mp4
01447.mp4,train/positive/00463.mp4
01448.mp4,train/positive/00218.mp4
01449.mp4,train/positive/00389.mp4
01450.mp4,train/positive/00420.mp4
01451.mp4,train/positive/00332.mp4
01452.mp4,train/positive/00157.mp4
01453.mp4,train/positive/00076.mp4
01454.mp4,train/positive/00550.mp4
01455.mp4,train/positive/00394.mp4
01456.mp4,train/positive/00199.mp4
01457.mp4,train/positive/00025.mp4
01458.mp4,train/positive/00422.mp4
01459.mp4,train/positive/00309.mp4
01460.mp4,train/positive/00271.mp4
01461.mp4,train/positive/00272.mp4
01462.mp4,train/positive/00062.mp4
01463.mp4,train/positive/00537.mp4
01464.mp4,train/positive/00253.mp4
01465.mp4,train/positive/00250.mp4
01466.mp4,train/positive/00397.mp4
01467.mp4,train/positive/00127.mp4
01468.mp4,train/positive/00530.mp4
01469.mp4,train/positive/00007.mp4
01470.mp4,train/positive/00273.mp4
01471.mp4,train/positive/00183.mp4
01472.mp4,train/positive/00265.mp4
01473.mp4,train/positive/00428.mp4
01474.mp4,train/positive/00474.mp4
01475.mp4,train/positive/00118.mp4
01476.mp4,train/positive/00406.mp4
01477.mp4,train/positive/00121.mp4
01478.mp4,train/positive/00192.mp4
01479.mp4,train/positive/00486.mp4
01480.mp4,train/positive/00454.mp4
01481.mp4,train/positive/00104.mp4
01482.mp4,train/positive/00043.mp4
01483.mp4,train/positive/00055.mp4
01484.mp4,train/positive/00112.mp4
01485.mp4,train/positive/00413.mp4
01486.mp4,train/positive/00242.mp4
01487.mp4,train/positive/00541.mp4
01488.mp4,train/positive/00325.mp4
01489.mp4,train/positive/00479.mp4
01490.mp4,train/positive/00472.mp4
01491.mp4,train/positive/00523.mp4
01492.mp4,train/positive/00227.mp4
01493.mp4,train/positive/00154.mp4
01494.mp4,train/positive/00447.mp4
01495.mp4,train/positive/00500.mp4
01496.mp4,train/positive/00519.mp4
01497.mp4,train/positive/00262.mp4
01498.mp4,train/positive/00391.mp4
01499.mp4,train/positive/00533.mp4
