epoch,steps,train_total,train_base,train_bce,train_reg,train_mono,train_cps,cps_videos,cps_snippets,amp_skipped_steps,gradnorm_base_head,gradnorm_cps_head,val_loss,val_AP_1.0s,lr,time_sec,best_val_loss,peak_mem_gb
0,600,0.658178,0.658178,0.636847,0.012383,0.030280,0.000000,0.00,0.00,2,4.93584,0,3.761965,0.545633,0.010000,99.1,3.761965,5.32
1,1200,0.550002,0.550002,0.523129,0.018842,0.034903,0.000000,0.00,0.00,0,0.766401,0,4.419223,0.680198,0.010000,99.9,3.761965,5.34
2,1800,0.448804,0.448804,0.415405,0.028507,0.038290,0.000000,0.00,0.00,0,0.790353,0,4.598222,0.650409,0.010000,100.1,3.761965,5.34
3,2400,0.381861,0.381861,0.345908,0.032958,0.038948,0.000000,0.00,0.00,0,0.506758,0,5.123999,0.689821,0.010000,99.9,3.761965,5.34
4,3000,0.305020,0.305020,0.268093,0.039880,0.033974,0.000000,0.00,0.00,0,0.667282,0,5.426433,0.616654,0.010000,99.5,3.761965,5.34
5,3600,0.267234,0.267234,0.226762,0.046467,0.034477,0.000000,0.00,0.00,0,0.332198,0,6.531081,0.679545,0.010000,99.7,3.761965,5.34
6,4200,0.180079,0.180079,0.141469,0.049932,0.027288,0.000000,0.00,0.00,0,0.249758,0,10.395640,0.623022,0.010000,99.8,3.761965,5.34
7,4800,0.192230,0.192230,0.150050,0.054272,0.030087,0.000000,0.00,0.00,1,0.045136,0,10.013924,0.646147,0.010000,101.5,3.761965,5.34
8,5400,0.126435,0.126435,0.087052,0.054676,0.024089,0.000000,0.00,0.00,0,0.0260503,0,11.142609,0.643684,0.010000,101.0,3.761965,5.34
9,6000,0.070778,0.070778,0.036042,0.056119,0.013353,0.000000,0.00,0.00,0,0.0644677,0,7.196790,0.697805,0.010000,99.5,3.761965,5.34
10,6600,0.147506,0.147506,0.104646,0.060590,0.025131,0.000000,0.00,0.00,0,0.298929,0,8.973333,0.679848,0.010000,97.9,3.761965,5.34
11,7200,0.103663,0.103663,0.067323,0.056512,0.016167,0.000000,0.00,0.00,0,0.881549,0,3.596311,0.739930,0.010000,100.2,3.596311,5.34
12,7800,0.111480,0.111480,0.072859,0.055952,0.021290,0.000000,0.00,0.00,0,0.0243402,0,17.192236,0.646179,0.010000,92.7,3.596311,5.34
13,8400,0.056212,0.056212,0.023353,0.056423,0.009294,0.000000,0.00,0.00,0,0.0896476,0,15.953942,0.663574,0.010000,98.5,3.596311,5.34
14,9000,0.074474,0.074474,0.039505,0.056835,0.013102,0.000000,0.00,0.00,1,0.00772461,0,20.372562,0.698592,0.010000,99.8,3.596311,5.34
15,9600,0.055001,0.055001,0.020787,0.058962,0.009466,0.000000,0.00,0.00,0,0.155862,0,18.973458,0.646987,0.010000,100.0,3.596311,5.34
16,10200,0.040877,0.040877,0.010485,0.052978,0.007807,0.000000,0.00,0.00,0,0.0273113,0,22.914274,0.671976,0.010000,98.4,3.596311,5.34
17,10800,0.032040,0.032040,0.003512,0.051255,0.005801,0.000000,0.00,0.00,0,0.0393992,0,17.734592,0.688717,0.010000,99.1,3.596311,5.34
18,11400,0.033484,0.033484,0.003191,0.054734,0.005853,0.000000,0.00,0.00,0,0.0491107,0,20.190093,0.660878,0.010000,100.2,3.596311,5.34
19,12000,0.033759,0.033759,0.003349,0.054351,0.006469,0.000000,0.00,0.00,0,0.00404544,0,18.122284,0.688163,0.001000,99.8,3.596311,5.34
20,12600,0.031843,0.031843,0.002674,0.052662,0.005675,0.000000,0.00,0.00,0,0.0211784,0,18.043500,0.686043,0.001000,99.6,3.596311,5.34
21,13200,0.032439,0.032439,0.002342,0.053745,0.006450,0.000000,0.00,0.00,1,0.0279246,0,17.547052,0.684043,0.001000,99.8,3.596311,5.34
22,13800,0.032571,0.032571,0.002891,0.054076,0.005284,0.000000,0.00,0.00,0,0.0324232,0,16.086026,0.691197,0.001000,100.3,3.596311,5.34
23,14400,0.031338,0.031338,0.002758,0.052211,0.004950,0.000000,0.00,0.00,0,0.000805581,0,15.272765,0.695435,0.001000,92.4,3.596311,5.34
24,15000,0.031435,0.031435,0.002505,0.052269,0.005592,0.000000,0.00,0.00,0,0.00591695,0,16.697794,0.699452,0.001000,92.6,3.596311,5.34
25,15600,0.032345,0.032345,0.002550,0.053629,0.005961,0.000000,0.00,0.00,1,0.0247489,0,12.753221,0.699213,0.001000,92.4,3.596311,5.34
26,16200,0.032204,0.032204,0.002822,0.053750,0.005016,0.000000,0.00,0.00,0,0.0160836,0,11.923863,0.703548,0.001000,92.5,3.596311,5.34
27,16800,0.032321,0.032321,0.002399,0.053361,0.006482,0.000000,0.00,0.00,0,0.0316187,0,14.898027,0.699991,0.001000,92.4,3.596311,5.34
28,17400,0.032445,0.032445,0.002454,0.054158,0.005824,0.000000,0.00,0.00,1,0.00576962,0,14.310603,0.707210,0.001000,100.0,3.596311,5.34
29,18000,0.031996,0.031996,0.002304,0.053249,0.006134,0.000000,0.00,0.00,0,0.0074168,0,14.534037,0.698223,0.001000,101.2,3.596311,5.34
30,18600,0.033032,0.033032,0.003033,0.054699,0.005298,0.000000,0.00,0.00,0,0.0432902,0,14.573593,0.703156,0.001000,100.7,3.596311,5.34
31,19200,0.033708,0.033708,0.003051,0.055308,0.006005,0.000000,0.00,0.00,1,0.0432228,0,13.772590,0.712393,0.001000,100.1,3.596311,5.34
32,19800,0.032593,0.032593,0.003312,0.053208,0.005355,0.000000,0.00,0.00,0,0.0353178,0,15.262043,0.711596,0.001000,92.5,3.596311,5.34
33,20400,0.032625,0.032625,0.002442,0.054319,0.006047,0.000000,0.00,0.00,0,0.0122002,0,11.061356,0.717836,0.001000,92.5,3.596311,5.34
34,21000,0.032592,0.032592,0.002947,0.052470,0.006819,0.000000,0.00,0.00,0,0.00635788,0,13.352870,0.717583,0.001000,98.7,3.596311,5.34
35,21600,0.032996,0.032996,0.002823,0.054311,0.006034,0.000000,0.00,0.00,1,0.289927,0,14.700793,0.711059,0.001000,99.4,3.596311,5.34
36,22200,0.032607,0.032607,0.003110,0.052750,0.006242,0.000000,0.00,0.00,0,0.0269046,0,11.040278,0.714514,0.001000,93.2,3.596311,5.34
37,22800,0.032789,0.032789,0.002928,0.053706,0.006015,0.000000,0.00,0.00,0,0.00566014,0,10.920985,0.719136,0.001000,93.0,3.596311,5.34
38,23400,0.032299,0.032299,0.003466,0.052098,0.005568,0.000000,0.00,0.00,1,0.0185362,0,11.385642,0.713416,0.001000,93.1,3.596311,5.34
39,24000,0.032413,0.032413,0.003280,0.052215,0.006053,0.000000,0.00,0.00,0,0.0607517,0,10.351716,0.716343,0.000100,93.0,3.596311,5.34
40,24600,0.031934,0.031934,0.003301,0.051620,0.005647,0.000000,0.00,0.00,0,0.0117405,0,10.854248,0.703627,0.000100,95.9,3.596311,5.34
41,25200,0.033116,0.033116,0.003857,0.053022,0.005498,0.000000,0.00,0.00,0,0.0902803,0,12.212140,0.719829,0.000100,97.1,3.596311,5.34
42,25800,0.031238,0.031238,0.003156,0.050730,0.005433,0.000000,0.00,0.00,1,0.00123036,0,12.551947,0.712704,0.000100,93.1,3.596311,5.34
43,26400,0.031977,0.031977,0.002596,0.053530,0.005233,0.000000,0.00,0.00,0,0.267575,0,12.309613,0.723466,0.000100,93.2,3.596311,5.34
44,27000,0.033324,0.033324,0.003360,0.053869,0.006058,0.000000,0.00,0.00,0,0.0168355,0,10.596294,0.726666,0.000100,93.5,3.596311,5.34
45,27600,0.030823,0.030823,0.003119,0.050744,0.004664,0.000000,0.00,0.00,1,0.00317043,0,12.600370,0.714035,0.000100,93.3,3.596311,5.34
46,28200,0.032490,0.032490,0.002991,0.053410,0.005587,0.000000,0.00,0.00,0,0.00378173,0,11.117174,0.713624,0.000100,93.5,3.596311,5.34
47,28800,0.031543,0.031543,0.002660,0.052408,0.005358,0.000000,0.00,0.00,0,0.00182657,0,11.442090,0.725214,0.000100,93.3,3.596311,5.34
48,29400,0.031782,0.031782,0.002723,0.052182,0.005937,0.000000,0.00,0.00,0,0.0240637,0,12.000453,0.732613,0.000100,97.5,3.596311,5.34
49,30000,0.033565,0.033565,0.003394,0.054270,0.006072,0.000000,0.00,0.00,1,0.00972186,0,12.758495,0.721729,0.000100,96.5,3.596311,5.34
