vid,k,target,t_obs_nominal,end_frame,end_time,tau_cache,tau_actual,cps_mask,reason,zero_kind,nominal_clamped
00751,0,1,14.2,426,14.199999809265137,5.599999904632568,5.600000190734864,False,anchor_first,,False
00751,1,1,14.7,441,14.699999809265137,5.099999904632568,5.100000190734864,True,ok,,False
00751,2,1,15.2,456,15.199999809265137,4.599999904632568,4.600000190734864,True,ok,,False
00751,3,1,15.7,471,15.699999809265137,4.099999904632568,4.100000190734864,True,ok,,False
00751,4,1,16.2,486,16.200000762939453,3.5999999046325684,3.5999992370605476,True,ok,,False
00751,5,1,16.7,501,16.700000762939453,3.0999999046325684,3.0999992370605476,True,ok,,False
00751,6,1,17.2,516,17.200000762939453,2.5999999046325684,2.5999992370605476,True,ok,,False
00751,7,1,17.7,531,17.700000762939453,2.0999999046325684,2.0999992370605476,True,ok,,False
00751,8,1,18.2,546,18.200000762939453,1.600000023841858,1.5999992370605476,True,ok,,False
00751,9,1,18.7,561,18.700000762939453,1.100000023841858,1.0999992370605476,True,ok,,False
00751,10,1,19.2,576,19.200000762939453,0.6000000238418579,0.5999992370605476,True,ok,,False
00751,11,1,19.7,591,19.700000762939453,0.10000000149011612,0.09999923706054759,False,anchor_last,,False
00000,0,0,17.25,517,17.233333587646484,inf,inf,False,negative,,False
00000,1,0,17.75,532,17.733333587646484,inf,inf,False,negative,,False
00000,2,0,18.25,547,18.233333587646484,inf,inf,False,negative,,False
00000,3,0,18.75,562,18.733333587646484,inf,inf,False,negative,,False
00000,4,0,19.25,577,19.233333587646484,inf,inf,False,negative,,False
00000,5,0,19.75,592,19.733333587646484,inf,inf,False,negative,,False
00000,6,0,20.25,607,20.233333587646484,inf,inf,False,negative,,False
00000,7,0,20.75,622,20.733333587646484,inf,inf,False,negative,,False
00000,8,0,21.25,637,21.233333587646484,inf,inf,False,negative,,False
00000,9,0,21.75,652,21.733333587646484,inf,inf,False,negative,,False
00000,10,0,22.25,667,22.233333587646484,inf,inf,False,negative,,False
00000,11,0,22.75,682,22.733333587646484,inf,inf,False,negative,,False
00753,0,1,13.666999999999998,410,13.666666984558105,5.599999904632568,5.600333015441894,False,anchor_first,,False
00753,1,1,14.166999999999998,425,14.166666984558105,5.099999904632568,5.100333015441894,True,ok,,False
00753,2,1,14.666999999999998,440,14.666666984558105,4.599999904632568,4.600333015441894,True,ok,,False
00753,3,1,15.166999999999998,455,15.166666984558105,4.099999904632568,4.100333015441894,True,ok,,False
00753,4,1,15.666999999999998,470,15.666666984558105,3.5999999046325684,3.600333015441894,True,ok,,False
00753,5,1,16.166999999999998,485,16.16666603088379,3.0999999046325684,3.1003339691162104,True,ok,,False
00753,6,1,16.666999999999998,500,16.66666603088379,2.5999999046325684,2.6003339691162104,True,ok,,False
00753,7,1,17.166999999999998,515,17.16666603088379,2.0999999046325684,2.1003339691162104,True,ok,,False
00753,8,1,17.666999999999998,530,17.66666603088379,1.600000023841858,1.6003339691162104,True,ok,,False
00753,9,1,18.166999999999998,545,18.16666603088379,1.100000023841858,1.1003339691162104,True,ok,,False
00753,10,1,18.666999999999998,560,18.66666603088379,0.6000000238418579,0.6003339691162104,True,ok,,False
00753,11,1,19.166999999999998,575,19.16666603088379,0.10000000149011612,0.1003339691162104,False,anchor_last,,False
00002,0,0,17.316666666666666,519,17.299999237060547,inf,inf,False,negative,,False
00002,1,0,17.816666666666666,534,17.799999237060547,inf,inf,False,negative,,False
00002,2,0,18.316666666666666,549,18.299999237060547,inf,inf,False,negative,,False
00002,3,0,18.816666666666666,564,18.799999237060547,inf,inf,False,negative,,False
00002,4,0,19.316666666666666,579,19.299999237060547,inf,inf,False,negative,,False
00002,5,0,19.816666666666666,594,19.799999237060547,inf,inf,False,negative,,False
00002,6,0,20.316666666666666,609,20.299999237060547,inf,inf,False,negative,,False
00002,7,0,20.816666666666666,624,20.799999237060547,inf,inf,False,negative,,False
00002,8,0,21.316666666666666,639,21.299999237060547,inf,inf,False,negative,,False
00002,9,0,21.816666666666666,654,21.799999237060547,inf,inf,False,negative,,False
00002,10,0,22.316666666666666,669,22.299999237060547,inf,inf,False,negative,,False
00002,11,0,22.816666666666666,684,22.799999237060547,inf,inf,False,negative,,False
00754,0,1,15.546,474,15.540983200073242,5.599999904632568,5.605016799926759,False,anchor_first,,False
00754,1,1,16.046,489,16.032787322998047,5.099999904632568,5.113212677001954,True,ok,,False
00754,2,1,16.546,504,16.52458953857422,4.599999904632568,4.621410461425782,True,ok,,False
00754,3,1,17.046,519,17.016393661499023,4.099999904632568,4.129606338500977,True,ok,,False
00754,4,1,17.546,535,17.540983200073242,3.5999999046325684,3.6050167999267586,True,ok,,False
00754,5,1,18.046,550,18.032787322998047,3.0999999046325684,3.113212677001954,True,ok,,False
00754,6,1,18.546,565,18.52458953857422,2.5999999046325684,2.621410461425782,True,ok,,False
00754,7,1,19.046,580,19.016393661499023,2.0999999046325684,2.1296063385009774,True,ok,,False
00754,8,1,19.546,596,19.540983200073242,1.600000023841858,1.6050167999267586,True,ok,,False
00754,9,1,20.046,611,20.032787322998047,1.100000023841858,1.113212677001954,True,ok,,False
00754,10,1,20.546,626,20.52458953857422,0.6000000238418579,0.621410461425782,True,ok,,False
00754,11,1,21.046,641,21.016393661499023,0.10000000149011612,0.12960633850097736,False,anchor_last,,False
00003,0,0,16.240066225165563,490,16.22516632080078,inf,inf,False,negative,,False
00003,1,0,16.740066225165563,505,16.72185516357422,inf,inf,False,negative,,False
00003,2,0,17.240066225165563,520,17.218542098999023,inf,inf,False,negative,,False
00003,3,0,17.740066225165563,535,17.71523094177246,inf,inf,False,negative,,False
00003,4,0,18.240066225165563,550,18.2119197845459,inf,inf,False,negative,,False
00003,5,0,18.740066225165563,565,18.708608627319336,inf,inf,False,negative,,False
00003,6,0,19.240066225165563,581,19.23841094970703,inf,inf,False,negative,,False
00003,7,0,19.740066225165563,596,19.73509979248047,inf,inf,False,negative,,False
00003,8,0,20.240066225165563,611,20.231788635253906,inf,inf,False,negative,,False
00003,9,0,20.740066225165563,626,20.728477478027344,inf,inf,False,negative,,False
00003,10,0,21.240066225165563,641,21.22516632080078,inf,inf,False,negative,,False
00003,11,0,21.740066225165563,656,21.72185516357422,inf,inf,False,negative,,False
00755,0,1,14.352999999999998,429,14.34782600402832,5.599999904632568,5.605173995971679,False,anchor_first,,False
00755,1,1,14.852999999999998,444,14.849498748779297,5.099999904632568,5.1035012512207025,True,ok,,False
00755,2,1,15.352999999999998,459,15.351170539855957,4.599999904632568,4.601829460144042,True,ok,,False
00755,3,1,15.852999999999998,474,15.852843284606934,4.099999904632568,4.100156715393066,True,ok,,False
00755,4,1,16.352999999999998,488,16.321069717407227,3.5999999046325684,3.631930282592773,True,ok,,False
00755,5,1,16.852999999999998,503,16.822742462158203,3.0999999046325684,3.1302575378417963,True,ok,,False
00755,6,1,17.352999999999998,518,17.32441520690918,2.5999999046325684,2.6285847930908197,True,ok,,False
00755,7,1,17.852999999999998,533,17.826086044311523,2.0999999046325684,2.126913955688476,True,ok,,False
00755,8,1,18.352999999999998,548,18.3277587890625,1.600000023841858,1.6252412109374994,True,ok,,False
00755,9,1,18.852999999999998,563,18.829431533813477,1.100000023841858,1.1235684661865228,True,ok,,False
00755,10,1,19.352999999999998,578,19.331104278564453,0.6000000238418579,0.6218957214355463,True,ok,,False
00755,11,1,19.852999999999998,593,19.832775115966797,0.10000000149011612,0.12022488403320253,False,anchor_last,,False
00005,0,0,17.533333333333335,526,17.53333282470703,inf,inf,False,negative,,False
00005,1,0,18.033333333333335,541,18.03333282470703,inf,inf,False,negative,,False
00005,2,0,18.533333333333335,556,18.53333282470703,inf,inf,False,negative,,False
00005,3,0,19.033333333333335,571,19.03333282470703,inf,inf,False,negative,,False
00005,4,0,19.533333333333335,586,19.53333282470703,inf,inf,False,negative,,False
00005,5,0,20.033333333333335,601,20.03333282470703,inf,inf,False,negative,,False
00005,6,0,20.533333333333335,616,20.53333282470703,inf,inf,False,negative,,False
00005,7,0,21.033333333333335,631,21.03333282470703,inf,inf,False,negative,,False
00005,8,0,21.533333333333335,646,21.53333282470703,inf,inf,False,negative,,False
00005,9,0,22.033333333333335,661,22.03333282470703,inf,inf,False,negative,,False
00005,10,0,22.533333333333335,676,22.53333282470703,inf,inf,False,negative,,False
00005,11,0,23.033333333333335,691,23.03333282470703,inf,inf,False,negative,,False
